{
  "n": 90,
  "exact_accuracy": 0.011111111111111112,
  "no_answer_rate": 0.0,
  "format_valid_rate": 0.9555555555555556,
  "repetition_rate": 0.1111111111111111,
  "dataset": "multiarith",
  "n_dev": 90,
  "epoch": 2,
  "train_loss": 1.405549786567688,
  "checkpoint_tag": "exp1_gsm8k"
}