{
  "n": 90,
  "exact_accuracy": 0.011111111111111112,
  "no_answer_rate": 0.011111111111111112,
  "format_valid_rate": 0.3888888888888889,
  "repetition_rate": 0.5,
  "dataset": "multiarith",
  "n_dev": 90,
  "epoch": 0,
  "train_loss": 1.9450923124949138,
  "checkpoint_tag": "exp1_gsm8k"
}