{
  "n": 90,
  "exact_accuracy": 0.022222222222222223,
  "no_answer_rate": 0.0,
  "format_valid_rate": 0.9888888888888889,
  "repetition_rate": 0.022222222222222223,
  "dataset": "multiarith",
  "n_dev": 90,
  "epoch": 6,
  "train_loss": 1.210312969684601,
  "checkpoint_tag": "exp1_gsm8k"
}