{
  "n": 90,
  "exact_accuracy": 0.05555555555555555,
  "no_answer_rate": 0.0,
  "format_valid_rate": 0.9555555555555556,
  "repetition_rate": 0.03333333333333333,
  "dataset": "multiarith",
  "n_dev": 90,
  "epoch": 4,
  "train_loss": 0.6548837634807967,
  "checkpoint_tag": "exp5_gsm8k_ma_aug_ent"
}