{
  "n": 90,
  "exact_accuracy": 0.011111111111111112,
  "no_answer_rate": 0.0,
  "format_valid_rate": 0.9222222222222223,
  "repetition_rate": 0.03333333333333333,
  "dataset": "multiarith",
  "n_dev": 90,
  "epoch": 2,
  "train_loss": 0.7411333797014559,
  "checkpoint_tag": "exp5_gsm8k_ma_aug_ent"
}