{
  "n": 90,
  "exact_accuracy": 0.03333333333333333,
  "no_answer_rate": 0.0,
  "format_valid_rate": 0.9888888888888889,
  "repetition_rate": 0.011111111111111112,
  "dataset": "multiarith",
  "n_dev": 90,
  "dev_path": "data/multiarith_dev.jsonl",
  "epoch": 0,
  "train_loss": 0.9532188540494785,
  "checkpoint_tag": "ma_abl_M0"
}