{
  "n": 90,
  "exact_accuracy": 0.0,
  "no_answer_rate": 0.0,
  "format_valid_rate": 0.9666666666666667,
  "repetition_rate": 0.05555555555555555,
  "dataset": "multiarith",
  "n_dev": 90,
  "epoch": 2,
  "train_loss": 0.7553195556452418,
  "checkpoint_tag": "exp6_gsm8k_ma_ent_arith"
}