{
  "n": 90,
  "exact_accuracy": 0.1,
  "no_answer_rate": 0.0,
  "format_valid_rate": 0.9777777777777777,
  "repetition_rate": 0.011111111111111112,
  "dataset": "multiarith",
  "n_dev": 90,
  "epoch": 12,
  "train_loss": 0.515809176285179,
  "checkpoint_tag": "exp6_gsm8k_ma_ent_arith"
}