{
  "n": 90,
  "exact_accuracy": 0.07777777777777778,
  "no_answer_rate": 0.0,
  "format_valid_rate": 0.9888888888888889,
  "repetition_rate": 0.011111111111111112,
  "dataset": "multiarith",
  "n_dev": 90,
  "dev_path": "data/multiarith_dev.jsonl",
  "epoch": 2,
  "train_loss": 0.22512690545918113,
  "checkpoint_tag": "triple_ma"
}