{
  "n": 90,
  "exact_accuracy": 0.022222222222222223,
  "no_answer_rate": 0.0,
  "format_valid_rate": 0.9555555555555556,
  "repetition_rate": 0.07777777777777778,
  "dataset": "multiarith",
  "n_dev": 90,
  "epoch": 4,
  "train_loss": 0.8679944193104514,
  "checkpoint_tag": "exp4_gsm8k_ma_ent"
}