{
  "n": 90,
  "exact_accuracy": 0.14444444444444443,
  "no_answer_rate": 0.0,
  "format_valid_rate": 0.9777777777777777,
  "repetition_rate": 0.03333333333333333,
  "dataset": "multiarith",
  "n_dev": 90,
  "epoch": 8,
  "train_loss": 0.7177941169069447,
  "checkpoint_tag": "exp4_gsm8k_ma_ent"
}