{
  "n": 90,
  "exact_accuracy": 0.18888888888888888,
  "no_answer_rate": 0.0,
  "format_valid_rate": 0.9888888888888889,
  "repetition_rate": 0.022222222222222223,
  "dataset": "multiarith",
  "n_dev": 90,
  "epoch": 10,
  "train_loss": 0.671536108253616,
  "checkpoint_tag": "exp4_gsm8k_ma_ent"
}