{
  "n": 90,
  "exact_accuracy": 0.2111111111111111,
  "no_answer_rate": 0.0,
  "format_valid_rate": 1.0,
  "repetition_rate": 0.022222222222222223,
  "dataset": "multiarith",
  "n_dev": 90,
  "epoch": 12,
  "train_loss": 0.6346462479357614,
  "checkpoint_tag": "exp4_gsm8k_ma_ent"
}