{
  "n": 90,
  "exact_accuracy": 0.03333333333333333,
  "no_answer_rate": 0.0,
  "format_valid_rate": 0.9,
  "repetition_rate": 0.13333333333333333,
  "dataset": "multiarith",
  "n_dev": 90,
  "epoch": 2,
  "train_loss": 1.3377912534278886,
  "checkpoint_tag": "exp2_gsm8k_ma"
}