{
  "n": 90,
  "exact_accuracy": 0.044444444444444446,
  "no_answer_rate": 0.0,
  "format_valid_rate": 0.9888888888888889,
  "repetition_rate": 0.022222222222222223,
  "dataset": "multiarith",
  "n_dev": 90,
  "epoch": 4,
  "train_loss": 1.2144862393224212,
  "checkpoint_tag": "exp2_gsm8k_ma"
}