{
  "n": 90,
  "exact_accuracy": 0.06666666666666667,
  "no_answer_rate": 0.0,
  "format_valid_rate": 0.9888888888888889,
  "repetition_rate": 0.03333333333333333,
  "checkpoint": "56_reasoning.pt",
  "dataset": "multiarith"
}