{
  "n": 90,
  "exact_accuracy": 0.011111111111111112,
  "no_answer_rate": 0.0,
  "format_valid_rate": 0.9888888888888889,
  "repetition_rate": 0.011111111111111112,
  "checkpoint": "best_triple_full_ep19.pt",
  "dataset": "multiarith"
}