{
  "n": 90,
  "exact_accuracy": 0.05555555555555555,
  "no_answer_rate": 0.0,
  "format_valid_rate": 0.9777777777777777,
  "repetition_rate": 0.0,
  "dataset": "multiarith",
  "n_dev": 90,
  "epoch": 4,
  "train_loss": 0.7493570097209772,
  "checkpoint_tag": "exp3_gsm8k_ma_ent"
}