{
  "n": 90,
  "exact_accuracy": 0.03333333333333333,
  "no_answer_rate": 0.0,
  "format_valid_rate": 0.9888888888888889,
  "repetition_rate": 0.011111111111111112,
  "dataset": "multiarith",
  "n_dev": 90,
  "epoch": 8,
  "train_loss": 0.6522125974106818,
  "checkpoint_tag": "exp3_gsm8k_ma_ent"
}