{
  "n": 90,
  "exact_accuracy": 0.044444444444444446,
  "no_answer_rate": 0.0,
  "format_valid_rate": 0.9555555555555556,
  "repetition_rate": 0.03333333333333333,
  "dataset": "multiarith",
  "n_dev": 90,
  "epoch": 2,
  "train_loss": 0.8412978621450204,
  "checkpoint_tag": "exp3_gsm8k_ma_ent"
}