{
  "n": 90,
  "exact_accuracy": 0.05555555555555555,
  "no_answer_rate": 0.0,
  "format_valid_rate": 1.0,
  "repetition_rate": 0.011111111111111112,
  "dataset": "multiarith",
  "n_dev": 90,
  "epoch": 6,
  "train_loss": 0.6940991963142606,
  "checkpoint_tag": "exp3_gsm8k_ma_ent"
}